mean_fit_time,std_fit_time,mean_score_time,std_score_time,param_classifier,param_classifier__alpha,param_classifier__learning_rate,param_classifier__loss,param_classifier__max_iter,param_classifier__penalty,param_classifier__n_neighbors,param_classifier__p,param_classifier__weights,param_classifier__n_estimators,param_classifier__C,param_classifier__bootstrap,param_classifier__max_depth,param_classifier__eta0,params,split0_test_score,split1_test_score,split2_test_score,split3_test_score,split4_test_score,mean_test_score,std_test_score,rank_test_score,classifier_name
1.9842147350311279,0.20025129407527306,0.14681196212768555,0.02089166903309121,SGDClassifier(),0.001,constant,modified_huber,1000,elasticnet,,,,,,,,0.1,"{'classifier': SGDClassifier(), 'classifier__alpha': 0.001, 'classifier__eta0': 0.1, 'classifier__learning_rate': 'constant', 'classifier__loss': 'modified_huber', 'classifier__max_iter': 1000, 'classifier__penalty': 'elasticnet'}",0.5219465648854962,0.510678430179495,0.5221500696970727,0.5392954918780799,0.5193457061969172,0.5226832525674122,0.00929568140557158,1,SGDClassifier
2.478127145767212,0.29374661668209195,0.15388135910034179,0.03903658162015974,SGDClassifier(),0.001,constant,modified_huber,1000,elasticnet,,,,,,,,1,"{'classifier': SGDClassifier(), 'classifier__alpha': 0.001, 'classifier__eta0': 1, 'classifier__learning_rate': 'constant', 'classifier__loss': 'modified_huber', 'classifier__max_iter': 1000, 'classifier__penalty': 'elasticnet'}",0.48165915871994386,0.4026769626769627,0.5153493249442915,0.532197545887841,0.4942684766214178,0.4852302937700914,0.04477180594913908,2,SGDClassifier
1.9606972217559815,0.17168312710163375,13.38951497077942,0.42381779076441517,KNeighborsClassifier(),,,,,,5,1,uniform,,,,,,"{'classifier': KNeighborsClassifier(), 'classifier__n_neighbors': 5, 'classifier__p': 1, 'classifier__weights': 'uniform'}",0.42766338892812517,0.42478760619690153,0.4351998255275067,0.43148815372857297,0.43524554541503696,0.4308769039592287,0.004136484774027917,3,KNeighborsClassifier
2.5528196811676027,0.18083368776060252,14.235396480560302,0.503477380992197,KNeighborsClassifier(),,,,,,7,1,uniform,,,,,,"{'classifier': KNeighborsClassifier(), 'classifier__n_neighbors': 7, 'classifier__p': 1, 'classifier__weights': 'uniform'}",0.4290872729292817,0.42615748563703953,0.4321480004431151,0.4335269709543568,0.43336645688417796,0.43085723736959414,0.002839372105433304,4,KNeighborsClassifier
1.3727040767669678,0.026316929785308366,11.735330581665039,1.2711141449899395,KNeighborsClassifier(),,,,,,5,2,uniform,,,,,,"{'classifier': KNeighborsClassifier(), 'classifier__n_neighbors': 5, 'classifier__p': 2, 'classifier__weights': 'uniform'}",0.4282534339540692,0.4233057207983544,0.4340958605664488,0.43066133362555475,0.43533499837115863,0.4303302694631171,0.004312635411332377,5,KNeighborsClassifier
1.32383394241333,0.15137766560835159,14.751927137374878,0.603429382649551,KNeighborsClassifier(),,,,,,9,1,uniform,,,,,,"{'classifier': KNeighborsClassifier(), 'classifier__n_neighbors': 9, 'classifier__p': 1, 'classifier__weights': 'uniform'}",0.42989395724625484,0.4219858156028369,0.43026323174496267,0.4320662822594189,0.43338344190189854,0.4295185457510744,0.003971546249988286,6,KNeighborsClassifier
1.2821043014526368,0.2275657893933918,13.657402801513673,1.7127173407274787,KNeighborsClassifier(),,,,,,9,2,uniform,,,,,,"{'classifier': KNeighborsClassifier(), 'classifier__n_neighbors': 9, 'classifier__p': 2, 'classifier__weights': 'uniform'}",0.429860449475985,0.4232616651418115,0.43058507663049556,0.4321844225604297,0.430939226519337,0.42936616806561173,0.003143631003959323,7,KNeighborsClassifier
1.1138010501861573,0.06159324301092202,12.114407682418824,0.21207402724903332,KNeighborsClassifier(),,,,,,7,2,uniform,,,,,,"{'classifier': KNeighborsClassifier(), 'classifier__n_neighbors': 7, 'classifier__p': 2, 'classifier__weights': 'uniform'}",0.4264247551202137,0.4271044910855337,0.4329633740288568,0.4300405803546612,0.42984545504902233,0.4292757311276576,0.0023388303644741298,8,KNeighborsClassifier
6.667593050003052,0.19922546995925475,11.5112455368042,0.973131099553465,KNeighborsClassifier(),,,,,,3,1,uniform,,,,,,"{'classifier': KNeighborsClassifier(), 'classifier__n_neighbors': 3, 'classifier__p': 1, 'classifier__weights': 'uniform'}",0.4244661218033219,0.4216484286561371,0.43810634575624235,0.4269830292067883,0.43334561338876904,0.42890990776225174,0.006007314368455468,9,KNeighborsClassifier
3.783406639099121,0.8319837486465681,9.335829973220825,0.5542526553921167,KNeighborsClassifier(),,,,,,3,2,uniform,,,,,,"{'classifier': KNeighborsClassifier(), 'classifier__n_neighbors': 3, 'classifier__p': 2, 'classifier__weights': 'uniform'}",0.4231134564643799,0.422658186913873,0.4377154372381609,0.4270678290452902,0.43024236037934666,0.4281594540082102,0.0055240019977778505,10,KNeighborsClassifier
1.1424973964691163,0.06856303665699938,14.641086387634278,0.9970515123670948,KNeighborsClassifier(),,,,,,9,1,distance,,,,,,"{'classifier': KNeighborsClassifier(), 'classifier__n_neighbors': 9, 'classifier__p': 1, 'classifier__weights': 'distance'}",0.4244690073688773,0.4206187833159312,0.43165155053494814,0.42981178881518634,0.43143363592415535,0.4275969531918197,0.00434843168809309,11,KNeighborsClassifier
1.6583151817321777,0.20680440123577093,14.105200099945069,0.8689430721895354,KNeighborsClassifier(),,,,,,9,2,distance,,,,,,"{'classifier': KNeighborsClassifier(), 'classifier__n_neighbors': 9, 'classifier__p': 2, 'classifier__weights': 'distance'}",0.4247489823609227,0.4214757709251101,0.4310185436946,0.4312496623264358,0.429409548414877,0.42758050154438915,0.003844828317256276,12,KNeighborsClassifier
1.4194600105285644,0.06849281131874846,11.677527523040771,1.271840245051842,KNeighborsClassifier(),,,,,,7,2,distance,,,,,,"{'classifier': KNeighborsClassifier(), 'classifier__n_neighbors': 7, 'classifier__p': 2, 'classifier__weights': 'distance'}",0.42347600518806744,0.42443694918942443,0.4292440067103198,0.4319374531434079,0.4274262505344164,0.42730413295312725,0.0031022889550662344,13,KNeighborsClassifier
1.2883532524108887,0.19893050594760733,12.746221113204957,0.5080849007379372,KNeighborsClassifier(),,,,,,7,1,distance,,,,,,"{'classifier': KNeighborsClassifier(), 'classifier__n_neighbors': 7, 'classifier__p': 1, 'classifier__weights': 'distance'}",0.424102094663723,0.42169461990851664,0.42840159948124934,0.43213503552160676,0.4285333191057995,0.4269733337361791,0.0036667559558610165,14,KNeighborsClassifier
5.710227584838867,0.20316826215970513,11.314511394500732,1.2691940474652903,KNeighborsClassifier(),,,,,,3,1,distance,,,,,,"{'classifier': KNeighborsClassifier(), 'classifier__n_neighbors': 3, 'classifier__p': 1, 'classifier__weights': 'distance'}",0.4240486748478911,0.41904661906761864,0.43351757221816667,0.4259710625939947,0.4272314986600701,0.4259630854775483,0.004694287618133135,15,KNeighborsClassifier
2.0566195487976073,0.782787352086294,11.10778980255127,0.8121723787385275,KNeighborsClassifier(),,,,,,5,2,distance,,,,,,"{'classifier': KNeighborsClassifier(), 'classifier__n_neighbors': 5, 'classifier__p': 2, 'classifier__weights': 'distance'}",0.4248633154626042,0.42090502130413676,0.4297405723455469,0.4276469340123064,0.42620179609086106,0.42587152784309107,0.002963556274100414,16,KNeighborsClassifier
1.6466861724853517,0.1984627464333244,12.645293140411377,0.7891265399671138,KNeighborsClassifier(),,,,,,5,1,distance,,,,,,"{'classifier': KNeighborsClassifier(), 'classifier__n_neighbors': 5, 'classifier__p': 1, 'classifier__weights': 'distance'}",0.42427138079311993,0.42007854952386076,0.429831595829992,0.4275496688741722,0.4271701297331505,0.4257802649508591,0.0033544622955416353,17,KNeighborsClassifier
1.7983572483062744,0.32621808976969846,9.438989925384522,1.0663283457349797,KNeighborsClassifier(),,,,,,3,2,distance,,,,,,"{'classifier': KNeighborsClassifier(), 'classifier__n_neighbors': 3, 'classifier__p': 2, 'classifier__weights': 'distance'}",0.42248863166597767,0.41950553776704635,0.4329627889984865,0.4258586697104908,0.4256373206729281,0.42529058976298595,0.004486053366445759,18,KNeighborsClassifier
2.4382162570953367,0.2650861072510693,0.1460420608520508,0.04098000334578236,SGDClassifier(),0.001,constant,modified_huber,1000,l1,,,,,,,,1,"{'classifier': SGDClassifier(), 'classifier__alpha': 0.001, 'classifier__eta0': 1, 'classifier__learning_rate': 'constant', 'classifier__loss': 'modified_huber', 'classifier__max_iter': 1000, 'classifier__penalty': 'l1'}",0.358015654034574,0.49064690934696753,0.4808176709939934,0.27042720862712566,0.4982937330569287,0.4196402352119179,0.09059041389873786,19,SGDClassifier
83.76636152267456,2.247955567880232,0.22874388694763184,0.013004549355976096,GradientBoostingClassifier(),,1,,,,,,,200,,,,,"{'classifier': GradientBoostingClassifier(), 'classifier__learning_rate': 1, 'classifier__n_estimators': 200}",0.4151196055755067,0.402483700714064,0.4143727161997564,0.40403053435114505,0.41908888487693324,0.4110190883434811,0.006555538213572457,20,GradientBoostingClassifier
35.985239553451535,1.1527277982639805,0.23010244369506835,0.007904248743487441,GradientBoostingClassifier(),,1,,,,,,,100,,,,,"{'classifier': GradientBoostingClassifier(), 'classifier__learning_rate': 1, 'classifier__n_estimators': 100}",0.4120702448676725,0.39952600723462645,0.415119852489244,0.4046511627906977,0.41397849462365593,0.40906915240117936,0.006005154793571351,21,GradientBoostingClassifier
109.05181484222412,2.0156513731065986,0.2664053440093994,0.018779174986965803,GradientBoostingClassifier(),,1,,,,,,,300,,,,,"{'classifier': GradientBoostingClassifier(), 'classifier__learning_rate': 1, 'classifier__n_estimators': 300}",0.41367189867280774,0.3957544534789895,0.412898533155534,0.40466593379748383,0.41789618302371423,0.4089774004257059,0.00787900182953978,22,GradientBoostingClassifier
107.90410208702087,1.2571754613475732,0.32892684936523436,0.02822005872820062,GradientBoostingClassifier(),,0.1,,,,,,,300,,,,,"{'classifier': GradientBoostingClassifier(), 'classifier__learning_rate': 0.1, 'classifier__n_estimators': 300}",0.409594789252834,0.4,0.41168427594779367,0.4061576354679803,0.41180101222071347,0.40784754257786426,0.004423641637010878,23,GradientBoostingClassifier
69.91149687767029,1.9111175337874768,0.26236763000488283,0.01346262463609465,GradientBoostingClassifier(),,0.1,,,,,,,200,,,,,"{'classifier': GradientBoostingClassifier(), 'classifier__learning_rate': 0.1, 'classifier__n_estimators': 200}",0.40639959687578736,0.3984630889392794,0.41175374293346584,0.40286172443567286,0.4145109632914511,0.40679782329513137,0.005816750353239679,24,GradientBoostingClassifier
3.5979912281036377,0.5926677736399751,0.28186979293823244,0.1427450115818683,SGDClassifier(),0.01,constant,modified_huber,1000,elasticnet,,,,,,,,0.1,"{'classifier': SGDClassifier(), 'classifier__alpha': 0.01, 'classifier__eta0': 0.1, 'classifier__learning_rate': 'constant', 'classifier__loss': 'modified_huber', 'classifier__max_iter': 1000, 'classifier__penalty': 'elasticnet'}",0.4029455758830975,0.5175125089349535,0.028602004086000585,0.5070529157939893,0.49676297806018466,0.39057519655164513,0.18554439018481578,25,SGDClassifier
33.28112688064575,0.22989505332867818,0.22802023887634276,0.007566294127853688,GradientBoostingClassifier(),,0.1,,,,,,,100,,,,,"{'classifier': GradientBoostingClassifier(), 'classifier__learning_rate': 0.1, 'classifier__n_estimators': 100}",0.39277216899234774,0.3831811752603832,0.3975918884664132,0.38127984718242597,0.39741067462080343,0.3904471509044747,0.006953811991686339,26,GradientBoostingClassifier
2.680504655838013,0.3060277662464028,0.21360998153686522,0.09816330472000273,SGDClassifier(),0.001,constant,modified_huber,1000,l1,,,,,,,,100,"{'classifier': SGDClassifier(), 'classifier__alpha': 0.001, 'classifier__eta0': 100, 'classifier__learning_rate': 'constant', 'classifier__loss': 'modified_huber', 'classifier__max_iter': 1000, 'classifier__penalty': 'l1'}",0.4082531230800737,0.47876615618551105,0.4047392074084162,0.0,0.5193457061969172,0.36222083857418363,0.18622661135569565,27,SGDClassifier
4.265808343887329,0.6342988658235459,0.16394467353820802,0.05213681180874785,SGDClassifier(),0.01,constant,modified_huber,1000,l2,,,,,,,,1,"{'classifier': SGDClassifier(), 'classifier__alpha': 0.01, 'classifier__eta0': 1, 'classifier__learning_rate': 'constant', 'classifier__loss': 'modified_huber', 'classifier__max_iter': 1000, 'classifier__penalty': 'l2'}",0.1559161060546102,0.44560718931063026,0.2780985888561704,0.3359456033191195,0.41493234569979587,0.3260999666480653,0.1034763577580709,28,SGDClassifier
1.6240926742553712,0.25238225600241165,0.1542529582977295,0.01970725077582872,SGDClassifier(),0.001,constant,modified_huber,1000,l2,,,,,,,,0.1,"{'classifier': SGDClassifier(), 'classifier__alpha': 0.001, 'classifier__eta0': 0.1, 'classifier__learning_rate': 'constant', 'classifier__loss': 'modified_huber', 'classifier__max_iter': 1000, 'classifier__penalty': 'l2'}",0.464,0.42524749987436555,0.0018037879547048803,0.49753649910830333,0.17154913576239553,0.3120273845399538,0.1930289720285193,29,SGDClassifier
2.238766098022461,0.3807191986940464,0.16697592735290528,0.0462881398271718,SGDClassifier(),0.001,constant,modified_huber,1000,l1,,,,,,,,10,"{'classifier': SGDClassifier(), 'classifier__alpha': 0.001, 'classifier__eta0': 10, 'classifier__learning_rate': 'constant', 'classifier__loss': 'modified_huber', 'classifier__max_iter': 1000, 'classifier__penalty': 'l1'}",0.5190304419647372,0.5189115180557933,0.4765553483641295,0.0,0.0,0.302899461676932,0.2478008651682472,30,SGDClassifier
3.6816399574279783,0.3182547030565477,0.17995095252990723,0.03903913248530419,SGDClassifier(),0.01,constant,modified_huber,1000,l1,,,,,,,,100,"{'classifier': SGDClassifier(), 'classifier__alpha': 0.01, 'classifier__eta0': 100, 'classifier__learning_rate': 'constant', 'classifier__loss': 'modified_huber', 'classifier__max_iter': 1000, 'classifier__penalty': 'l1'}",0.0,0.5175125089349535,0.0,0.4130489335006274,0.5031169226090922,0.28673567300893466,0.2368410966476747,31,SGDClassifier
4.2218340873718265,0.2633616896158808,0.13987560272216798,0.013112147710794648,SGDClassifier(),0.01,constant,modified_huber,1000,l2,,,,,,,,0.1,"{'classifier': SGDClassifier(), 'classifier__alpha': 0.01, 'classifier__eta0': 0.1, 'classifier__learning_rate': 'constant', 'classifier__loss': 'modified_huber', 'classifier__max_iter': 1000, 'classifier__penalty': 'l2'}",0.5143691899070385,0.07258494929727806,0.00040221216691804925,0.4586260269079652,0.3446661595178185,0.2781297075594037,0.20600792368425525,32,SGDClassifier
3.7828014373779295,0.3404356654723704,0.2719552516937256,0.14828699694135936,SGDClassifier(),0.01,constant,modified_huber,1000,elasticnet,,,,,,,,10,"{'classifier': SGDClassifier(), 'classifier__alpha': 0.01, 'classifier__eta0': 10, 'classifier__learning_rate': 'constant', 'classifier__loss': 'modified_huber', 'classifier__max_iter': 1000, 'classifier__penalty': 'elasticnet'}",0.501362120324872,0.49682647625524196,0.0,0.08754059639799232,0.2827372175647021,0.2736932821085617,0.2055549318610547,33,SGDClassifier
2.4865739822387694,0.4438132112328472,0.17344179153442382,0.03596457744653917,SGDClassifier(),0.001,constant,modified_huber,1000,l2,,,,,,,,1,"{'classifier': SGDClassifier(), 'classifier__alpha': 0.001, 'classifier__eta0': 1, 'classifier__learning_rate': 'constant', 'classifier__loss': 'modified_huber', 'classifier__max_iter': 1000, 'classifier__penalty': 'l2'}",0.413600782778865,0.07224018475750578,0.1854265836689857,0.44963112005365524,0.11600966747228936,0.2473816677462602,0.15511622037902423,34,SGDClassifier
3.480694580078125,0.20926200884549195,0.15680017471313476,0.04385670836561844,SGDClassifier(),0.01,constant,modified_huber,1000,l1,,,,,,,,10,"{'classifier': SGDClassifier(), 'classifier__alpha': 0.01, 'classifier__eta0': 10, 'classifier__learning_rate': 'constant', 'classifier__loss': 'modified_huber', 'classifier__max_iter': 1000, 'classifier__penalty': 'l1'}",0.0,0.5175125089349535,0.0,0.2772000837462489,0.3699402968724325,0.232930577910727,0.20505201094064643,35,SGDClassifier
3.556719350814819,0.46593016887737027,0.3722212791442871,0.11839867829070412,SGDClassifier(),0.01,constant,modified_huber,1000,elasticnet,,,,,,,,0.01,"{'classifier': SGDClassifier(), 'classifier__alpha': 0.01, 'classifier__eta0': 0.01, 'classifier__learning_rate': 'constant', 'classifier__loss': 'modified_huber', 'classifier__max_iter': 1000, 'classifier__penalty': 'elasticnet'}",0.0,0.012446903091968784,0.2942413883775966,0.501984126984127,0.24769659310049283,0.21127380231083706,0.18809119505929592,36,SGDClassifier
3.949421262741089,0.4652549677527263,0.24335055351257323,0.054112797863579004,SGDClassifier(),0.01,constant,modified_huber,1000,l1,,,,,,,,0.1,"{'classifier': SGDClassifier(), 'classifier__alpha': 0.01, 'classifier__eta0': 0.1, 'classifier__learning_rate': 'constant', 'classifier__loss': 'modified_huber', 'classifier__max_iter': 1000, 'classifier__penalty': 'l1'}",0.0,0.5189115180557933,0.0,0.532197545887841,0.0,0.21022181278872684,0.2575023644781212,37,SGDClassifier
1.6565608978271484,0.129219019959257,0.12840657234191893,0.009625227599802165,SGDClassifier(),0.001,constant,modified_huber,1000,l1,,,,,,,,0.1,"{'classifier': SGDClassifier(), 'classifier__alpha': 0.001, 'classifier__eta0': 0.1, 'classifier__learning_rate': 'constant', 'classifier__loss': 'modified_huber', 'classifier__max_iter': 1000, 'classifier__penalty': 'l1'}",0.5055307587812925,0.0,0.0,0.5063362831858407,0.0,0.20237340839342663,0.24785592493244052,38,SGDClassifier
1.244338369369507,0.07915311181100382,0.17619633674621582,0.014339913435704399,SGDClassifier(),0.001,constant,modified_huber,1000,l2,,,,,,,,0.01,"{'classifier': SGDClassifier(), 'classifier__alpha': 0.001, 'classifier__eta0': 0.01, 'classifier__learning_rate': 'constant', 'classifier__loss': 'modified_huber', 'classifier__max_iter': 1000, 'classifier__penalty': 'l2'}",0.2932321315623023,0.055767975380024246,0.2146462685408092,0.03726362625139043,0.3586690017513135,0.19191580069716796,0.12731207996852706,39,SGDClassifier
3.5557475090026855,1.1230178674265106,0.28992586135864257,0.11643559850029538,SGDClassifier(),0.01,constant,modified_huber,1000,elasticnet,,,,,,,,1,"{'classifier': SGDClassifier(), 'classifier__alpha': 0.01, 'classifier__eta0': 1, 'classifier__learning_rate': 'constant', 'classifier__loss': 'modified_huber', 'classifier__max_iter': 1000, 'classifier__penalty': 'elasticnet'}",0.0,0.0,0.06413124533929904,0.48574373067674337,0.3392192759699994,0.17781885039720838,0.19851034629319286,40,SGDClassifier
3.6776862144470215,0.19636754716669155,0.17236557006835937,0.04568876627336498,SGDClassifier(),0.01,constant,modified_huber,1000,l2,,,,,,,,0.01,"{'classifier': SGDClassifier(), 'classifier__alpha': 0.01, 'classifier__eta0': 0.01, 'classifier__learning_rate': 'constant', 'classifier__loss': 'modified_huber', 'classifier__max_iter': 1000, 'classifier__penalty': 'l2'}",0.1256544502617801,0.33089716291649884,0.2529083141636543,0.10991286342852213,0.03628501598044745,0.17113156135018057,0.10603015811634443,41,SGDClassifier
3.7039262294769286,0.40913448992790996,0.16334118843078613,0.03304415561333157,SGDClassifier(),0.001,constant,modified_huber,1000,l2,,,,,,,,100,"{'classifier': SGDClassifier(), 'classifier__alpha': 0.001, 'classifier__eta0': 100, 'classifier__learning_rate': 'constant', 'classifier__loss': 'modified_huber', 'classifier__max_iter': 1000, 'classifier__penalty': 'l2'}",0.21457326892109502,0.2149618027194542,0.2910748263197487,0.001567398119122257,0.0,0.14443545921588402,0.12055643178470513,42,SGDClassifier
2.7352945804595947,0.29648847114471455,0.19464306831359862,0.017531322405846102,SGDClassifier(),0.01,constant,modified_huber,1000,l1,,,,,,,,0.01,"{'classifier': SGDClassifier(), 'classifier__alpha': 0.01, 'classifier__eta0': 0.01, 'classifier__learning_rate': 'constant', 'classifier__loss': 'modified_huber', 'classifier__max_iter': 1000, 'classifier__penalty': 'l1'}",0.001597125174685566,0.0802134281903068,0.0,0.5306136075315484,0.0,0.12248483217930814,0.20638550084661605,43,SGDClassifier
4.0197022438049315,0.4146017079785852,0.18164639472961425,0.04798250050891826,SGDClassifier(),0.01,constant,modified_huber,1000,l1,,,,,,,,1,"{'classifier': SGDClassifier(), 'classifier__alpha': 0.01, 'classifier__eta0': 1, 'classifier__learning_rate': 'constant', 'classifier__loss': 'modified_huber', 'classifier__max_iter': 1000, 'classifier__penalty': 'l1'}",0.0,0.0,0.49669656090637326,0.07914954439878506,0.0,0.11516922106103167,0.19321096065996354,44,SGDClassifier
2.7043251991271973,0.530840038110121,0.1572425365447998,0.022390564533187166,SGDClassifier(),0.001,constant,modified_huber,1000,l2,,,,,,,,10,"{'classifier': SGDClassifier(), 'classifier__alpha': 0.001, 'classifier__eta0': 10, 'classifier__learning_rate': 'constant', 'classifier__loss': 'modified_huber', 'classifier__max_iter': 1000, 'classifier__penalty': 'l2'}",0.2996953725641894,0.002213057036515441,0.22915101427498122,0.0,0.005914243469689502,0.1073947374690751,0.13015316469194957,45,SGDClassifier
3.2234694957733154,0.603314622535822,0.17235403060913085,0.04276447901145271,SGDClassifier(),0.001,constant,modified_huber,1000,elasticnet,,,,,,,,10,"{'classifier': SGDClassifier(), 'classifier__alpha': 0.001, 'classifier__eta0': 10, 'classifier__learning_rate': 'constant', 'classifier__loss': 'modified_huber', 'classifier__max_iter': 1000, 'classifier__penalty': 'elasticnet'}",0.0,0.0,0.0,0.0,0.5193457061969172,0.10386914123938344,0.20773828247876688,46,SGDClassifier
4.628548622131348,0.4409869659450202,0.24437994956970216,0.08643390410521004,SGDClassifier(),0.001,constant,modified_huber,1000,elasticnet,,,,,,,,100,"{'classifier': SGDClassifier(), 'classifier__alpha': 0.001, 'classifier__eta0': 100, 'classifier__learning_rate': 'constant', 'classifier__loss': 'modified_huber', 'classifier__max_iter': 1000, 'classifier__penalty': 'elasticnet'}",0.4872157750731201,0.0,0.0,0.0,0.0,0.09744315501462401,0.194886310029248,47,SGDClassifier
4.162410879135132,0.4697825558080581,0.1674637794494629,0.01604220767090548,SGDClassifier(),0.01,constant,modified_huber,1000,l2,,,,,,,,10,"{'classifier': SGDClassifier(), 'classifier__alpha': 0.01, 'classifier__eta0': 10, 'classifier__learning_rate': 'constant', 'classifier__loss': 'modified_huber', 'classifier__max_iter': 1000, 'classifier__penalty': 'l2'}",0.0008000800080008001,0.27251213911336264,0.00020096463022508038,0.0707062402367837,0.11756180046702633,0.0923562448910797,0.1004343725668735,48,SGDClassifier
4.234292840957641,0.23272591525072234,0.14434633255004883,0.03863925744709263,SGDClassifier(),0.01,constant,modified_huber,1000,l2,,,,,,,,100,"{'classifier': SGDClassifier(), 'classifier__alpha': 0.01, 'classifier__eta0': 100, 'classifier__learning_rate': 'constant', 'classifier__loss': 'modified_huber', 'classifier__max_iter': 1000, 'classifier__penalty': 'l2'}",0.2812812671749271,0.09840208101077666,0.0,0.0,0.0,0.07593666963714074,0.10951733363525876,49,SGDClassifier
1.237737226486206,0.07046465350856286,0.15679068565368653,0.01320537242744428,SGDClassifier(),0.001,constant,modified_huber,1000,l1,,,,,,,,0.01,"{'classifier': SGDClassifier(), 'classifier__alpha': 0.001, 'classifier__eta0': 0.01, 'classifier__learning_rate': 'constant', 'classifier__loss': 'modified_huber', 'classifier__max_iter': 1000, 'classifier__penalty': 'l1'}",0.02235614307931571,0.046408626997881765,0.007782101167315175,0.2485567671584349,0.0,0.0650207276805895,0.09311939674576421,50,SGDClassifier
6.365647411346435,0.3501287891901996,0.16395630836486816,0.015438541483686787,SGDClassifier(),0.0001,optimal,modified_huber,1000,l2,,,,,,,,,"{'classifier': SGDClassifier(), 'classifier__alpha': 0.0001, 'classifier__learning_rate': 'optimal', 'classifier__loss': 'modified_huber', 'classifier__max_iter': 1000, 'classifier__penalty': 'l2'}",0.00833664152441445,0.04884564014501049,0.16625186660029864,0.005813390175370603,0.05497577338799851,0.05684466236661854,0.05830031263763741,51,SGDClassifier
3.1660883903503416,0.5217985796843361,0.22102298736572265,0.06470311066241742,SGDClassifier(),0.01,constant,modified_huber,1000,elasticnet,,,,,,,,100,"{'classifier': SGDClassifier(), 'classifier__alpha': 0.01, 'classifier__eta0': 100, 'classifier__learning_rate': 'constant', 'classifier__loss': 'modified_huber', 'classifier__max_iter': 1000, 'classifier__penalty': 'elasticnet'}",0.28063268892794374,0.0,0.0,0.0,0.0,0.05612653778558875,0.1122530755711775,52,SGDClassifier
26.44174680709839,2.26453131358822,0.3554180145263672,0.011872385885745103,RandomForestClassifier(),,,,,,,,,100,,True,7,,"{'classifier': RandomForestClassifier(), 'classifier__bootstrap': True, 'classifier__max_depth': 7, 'classifier__n_estimators': 100}",0.04055496264674493,0.020804438280166437,0.03384194053208138,0.017621998450813324,0.03715468283761671,0.029995604549484557,0.009111864914803418,53,RandomForestClassifier
59.0880401134491,7.57952411680366,0.7102220058441162,0.1312263819516513,RandomForestClassifier(),,,,,,,,,200,,False,7,,"{'classifier': RandomForestClassifier(), 'classifier__bootstrap': False, 'classifier__max_depth': 7, 'classifier__n_estimators': 200}",0.03640256959314775,0.03122238586156112,0.03814713896457766,0.011867704280155641,0.029297632906480405,0.029387486321184514,0.009340884331475783,54,RandomForestClassifier
100.76681418418885,8.130199722332982,0.942724609375,0.040848139370624086,RandomForestClassifier(),,,,,,,,,400,,True,7,,"{'classifier': RandomForestClassifier(), 'classifier__bootstrap': True, 'classifier__max_depth': 7, 'classifier__n_estimators': 400}",0.032261218105386645,0.028543307086614175,0.034786007426226305,0.021831530139103553,0.025883039797606304,0.028661020510987394,0.004579298187810335,55,RandomForestClassifier
25.413595390319824,2.2486695608960834,0.36507606506347656,0.020842623210328655,RandomForestClassifier(),,,,,,,,,100,,False,7,,"{'classifier': RandomForestClassifier(), 'classifier__bootstrap': False, 'classifier__max_depth': 7, 'classifier__n_estimators': 100}",0.014077525527907208,0.03385518590998043,0.017857142857142856,0.026746199730613814,0.03285341578896512,0.02507789396292188,0.00791745148344294,56,RandomForestClassifier
52.10456809997559,3.359754971364017,0.5833573818206788,0.06813337652936818,RandomForestClassifier(),,,,,,,,,200,,True,7,,"{'classifier': RandomForestClassifier(), 'classifier__bootstrap': True, 'classifier__max_depth': 7, 'classifier__n_estimators': 200}",0.011327503974562798,0.027972027972027972,0.024079739465113985,0.029021718239477225,0.03059051306873185,0.02459830054398277,0.006974786290471761,57,RandomForestClassifier
135.72779006958007,3.1877855967691273,0.7454677581787109,0.014014094907454085,RandomForestClassifier(),,,,,,,,,400,,False,7,,"{'classifier': RandomForestClassifier(), 'classifier__bootstrap': False, 'classifier__max_depth': 7, 'classifier__n_estimators': 400}",0.028050215770890546,0.02411782148858357,0.030606238964096526,0.008777062609713282,0.02397193529526408,0.0231046548257096,0.0075867109929837915,58,RandomForestClassifier
4.880555486679077,0.377313475853726,0.24026575088500976,0.15455070802453158,SGDClassifier(),0.0001,optimal,modified_huber,1000,elasticnet,,,,,,,,,"{'classifier': SGDClassifier(), 'classifier__alpha': 0.0001, 'classifier__learning_rate': 'optimal', 'classifier__loss': 'modified_huber', 'classifier__max_iter': 1000, 'classifier__penalty': 'elasticnet'}",0.038231098430813126,0.0,0.06275399300633211,0.0,0.0029641339788558443,0.020789845083200215,0.02548481242933755,59,SGDClassifier
6.408759737014771,0.3173376952652071,0.1742393970489502,0.020616130855737106,SGDClassifier(),0.001,optimal,modified_huber,1000,l2,,,,,,,,,"{'classifier': SGDClassifier(), 'classifier__alpha': 0.001, 'classifier__learning_rate': 'optimal', 'classifier__loss': 'modified_huber', 'classifier__max_iter': 1000, 'classifier__penalty': 'l2'}",0.0013986013986013986,0.005012531328320802,0.00697350069735007,0.01899645015830375,0.03584366062917064,0.01364494884234933,0.012573155924666912,60,SGDClassifier
10.8532865524292,1.0312341782576935,0.5230213165283203,0.12848646770486033,SGDClassifier(),0.0001,optimal,modified_huber,1000,l1,,,,,,,,,"{'classifier': SGDClassifier(), 'classifier__alpha': 0.0001, 'classifier__learning_rate': 'optimal', 'classifier__loss': 'modified_huber', 'classifier__max_iter': 1000, 'classifier__penalty': 'l1'}",0.03566634707574305,0.0014101531023368251,0.00020108586366378444,0.0,0.002376472918110704,0.007930811791970872,0.013894430727137783,61,SGDClassifier
101.04684882164001,6.16089513180632,0.3318296432495117,0.025882030966472548,GradientBoostingClassifier(),,0.01,,,,,,,300,,,,,"{'classifier': GradientBoostingClassifier(), 'classifier__learning_rate': 0.01, 'classifier__n_estimators': 300}",0.0,0.0,0.03284457478005865,0.0,0.0,0.00656891495601173,0.01313782991202346,62,GradientBoostingClassifier
2.393122434616089,0.2582868660413691,0.23514809608459472,0.038857309657529294,LogisticRegression(),,,,,l2,,,,,100,,,,"{'classifier': LogisticRegression(), 'classifier__C': 100, 'classifier__penalty': 'l2'}",0.005379021814921805,0.004410585404971933,0.0032032032032032033,0.004491748852651108,0.00375531178970254,0.0042479742130901174,0.0007347652521378198,63,LogisticRegression
2.417004203796387,0.2487954015057048,0.23179807662963867,0.03697343060937306,LogisticRegression(),,,,,l2,,,,,1,,,,"{'classifier': LogisticRegression(), 'classifier__C': 1, 'classifier__penalty': 'l2'}",0.005379021814921805,0.004410143329658214,0.0032035238762638902,0.004491748852651108,0.00375531178970254,0.004247949932639512,0.0007346545230838259,64,LogisticRegression
2.376054859161377,0.1594642145143308,0.21959004402160645,0.036730086255058365,LogisticRegression(),,,,,l2,,,,,10,,,,"{'classifier': LogisticRegression(), 'classifier__C': 10, 'classifier__penalty': 'l2'}",0.005379021814921805,0.004410143329658214,0.0032032032032032033,0.004491748852651108,0.00375531178970254,0.004247885798027374,0.0007347457059830844,65,LogisticRegression
1.7417323589324951,0.12601007574359627,0.18027424812316895,0.013454495749232857,LogisticRegression(),,,,,l2,,,,,0.1,,,,"{'classifier': LogisticRegression(), 'classifier__C': 0.1, 'classifier__penalty': 'l2'}",0.005180314803745766,0.004410585404971933,0.0032038446135362435,0.004491748852651108,0.0037556829412927458,0.004208435323239558,0.000675258194989409,66,LogisticRegression
1.4206367492675782,0.08248992413187889,0.1627840518951416,0.007930651903334432,LogisticRegression(),,,,,l2,,,,,0.01,,,,"{'classifier': LogisticRegression(), 'classifier__C': 0.01, 'classifier__penalty': 'l2'}",0.001997602876548142,0.0024130303639654134,0.0024055327252681166,0.002152641878669276,0.0019798059790140567,0.002189722764693001,0.00018909802929439464,67,LogisticRegression
1.4028453826904297,0.08026989716038722,0.14837055206298827,0.021097278392355704,SGDClassifier(),0.001,constant,modified_huber,1000,elasticnet,,,,,,,,0.01,"{'classifier': SGDClassifier(), 'classifier__alpha': 0.001, 'classifier__eta0': 0.01, 'classifier__learning_rate': 'constant', 'classifier__loss': 'modified_huber', 'classifier__max_iter': 1000, 'classifier__penalty': 'elasticnet'}",0.004962286621675268,0.0,0.0006018054162487463,0.0,0.002574002574002574,0.0016276189223853176,0.0019165714566966626,68,SGDClassifier
11.037310934066772,4.962459227235118,0.5257268428802491,0.23479033305669084,SGDClassifier(),0.001,optimal,modified_huber,1000,l1,,,,,,,,,"{'classifier': SGDClassifier(), 'classifier__alpha': 0.001, 'classifier__learning_rate': 'optimal', 'classifier__loss': 'modified_huber', 'classifier__max_iter': 1000, 'classifier__penalty': 'l1'}",0.00039996000399960006,0.0,0.0,0.0029342723004694834,0.0013882002974714923,0.0009444865203881152,0.0011168480709592983,69,SGDClassifier
4.381408023834228,0.16582845707829263,0.298801326751709,0.12592749143706924,SGDClassifier(),0.001,optimal,modified_huber,1000,elasticnet,,,,,,,,,"{'classifier': SGDClassifier(), 'classifier__alpha': 0.001, 'classifier__learning_rate': 'optimal', 'classifier__loss': 'modified_huber', 'classifier__max_iter': 1000, 'classifier__penalty': 'elasticnet'}",0.002594551441971859,0.0,0.0,0.0013713390145949653,0.0,0.0007931780913133648,0.0010456204335504333,70,SGDClassifier
6.18196325302124,0.3244357716687203,0.1829122543334961,0.06785335658225877,SGDClassifier(),0.01,optimal,modified_huber,1000,l2,,,,,,,,,"{'classifier': SGDClassifier(), 'classifier__alpha': 0.01, 'classifier__learning_rate': 'optimal', 'classifier__loss': 'modified_huber', 'classifier__max_iter': 1000, 'classifier__penalty': 'l2'}",0.0,0.00040342914775592535,0.0004019696512913275,0.0011773940345368916,0.0015854141894569957,0.0007136414046082281,0.0005792597466865728,71,SGDClassifier
1.3322668075561523,0.02863314786362003,0.15091900825500487,0.014691989570087636,LogisticRegression(),,,,,l2,,,,,0.001,,,,"{'classifier': LogisticRegression(), 'classifier__C': 0.001, 'classifier__penalty': 'l2'}",0.0,0.0,0.0002011465352509303,0.00039277297721916735,0.00019862945674843578,0.00015850979384370668,0.00014734817789397264,72,LogisticRegression
4.33382511138916,0.33811125763659255,0.27605633735656737,0.10689031296063262,SGDClassifier(),0.01,optimal,modified_huber,1000,elasticnet,,,,,,,,,"{'classifier': SGDClassifier(), 'classifier__alpha': 0.01, 'classifier__learning_rate': 'optimal', 'classifier__loss': 'modified_huber', 'classifier__max_iter': 1000, 'classifier__penalty': 'elasticnet'}",0.0,0.0,0.0,0.0,0.00019862945674843578,3.972589134968716e-05,7.945178269937432e-05,73,SGDClassifier
45.17761158943176,4.547929056758348,0.4424079418182373,0.03972978629805223,RandomForestClassifier(),,,,,,,,,200,,False,5,,"{'classifier': RandomForestClassifier(), 'classifier__bootstrap': False, 'classifier__max_depth': 5, 'classifier__n_estimators': 200}",0.0,0.0,0.0,0.0,0.0,0.0,0.0,74,RandomForestClassifier
68.30103092193603,5.0332627355534925,0.523081636428833,0.02425603872717053,RandomForestClassifier(),,,,,,,,,400,,False,3,,"{'classifier': RandomForestClassifier(), 'classifier__bootstrap': False, 'classifier__max_depth': 3, 'classifier__n_estimators': 400}",0.0,0.0,0.0,0.0,0.0,0.0,0.0,74,RandomForestClassifier
95.99469513893128,19.3368215938905,1.0587979316711427,0.33638217441937357,RandomForestClassifier(),,,,,,,,,400,,False,5,,"{'classifier': RandomForestClassifier(), 'classifier__bootstrap': False, 'classifier__max_depth': 5, 'classifier__n_estimators': 400}",0.0,0.0,0.0,0.0,0.0,0.0,0.0,74,RandomForestClassifier
38.145568227767946,5.837428660701968,0.34809269905090334,0.029544530771274887,RandomForestClassifier(),,,,,,,,,200,,False,3,,"{'classifier': RandomForestClassifier(), 'classifier__bootstrap': False, 'classifier__max_depth': 3, 'classifier__n_estimators': 200}",0.0,0.0,0.0,0.0,0.0,0.0,0.0,74,RandomForestClassifier
17.99383111000061,1.3094550313735147,0.23081932067871094,0.01628289755142093,RandomForestClassifier(),,,,,,,,,100,,False,3,,"{'classifier': RandomForestClassifier(), 'classifier__bootstrap': False, 'classifier__max_depth': 3, 'classifier__n_estimators': 100}",0.0,0.0,0.0,0.0,0.0,0.0,0.0,74,RandomForestClassifier
7.121521997451782,0.7444326654282605,0.3993481159210205,0.16156358925095524,SGDClassifier(),0.01,optimal,modified_huber,1000,l1,,,,,,,,,"{'classifier': SGDClassifier(), 'classifier__alpha': 0.01, 'classifier__learning_rate': 'optimal', 'classifier__loss': 'modified_huber', 'classifier__max_iter': 1000, 'classifier__penalty': 'l1'}",0.0,0.0,0.0,0.0,0.0,0.0,0.0,74,SGDClassifier
23.099108600616454,2.0647322452732797,0.2868063449859619,0.03309724615245044,RandomForestClassifier(),,,,,,,,,100,,False,5,,"{'classifier': RandomForestClassifier(), 'classifier__bootstrap': False, 'classifier__max_depth': 5, 'classifier__n_estimators': 100}",0.0,0.0,0.0,0.0,0.0,0.0,0.0,74,RandomForestClassifier
46.21535096168518,4.272887998283488,0.4087705612182617,0.02756956150090343,RandomForestClassifier(),,,,,,,,,200,,True,5,,"{'classifier': RandomForestClassifier(), 'classifier__bootstrap': True, 'classifier__max_depth': 5, 'classifier__n_estimators': 200}",0.0,0.0,0.0,0.0,0.0,0.0,0.0,74,RandomForestClassifier
94.85584111213684,10.316038927705144,0.6969812870025635,0.01953806071340234,RandomForestClassifier(),,,,,,,,,400,,True,5,,"{'classifier': RandomForestClassifier(), 'classifier__bootstrap': True, 'classifier__max_depth': 5, 'classifier__n_estimators': 400}",0.0,0.0,0.0,0.0,0.0,0.0,0.0,74,RandomForestClassifier
79.09604616165161,11.25214224400778,0.5562421321868897,0.034243881258448544,RandomForestClassifier(),,,,,,,,,400,,True,3,,"{'classifier': RandomForestClassifier(), 'classifier__bootstrap': True, 'classifier__max_depth': 3, 'classifier__n_estimators': 400}",0.0,0.0,0.0,0.0,0.0,0.0,0.0,74,RandomForestClassifier
23.970721578598024,2.797119044683034,0.27436132431030275,0.013471381556118241,RandomForestClassifier(),,,,,,,,,100,,True,5,,"{'classifier': RandomForestClassifier(), 'classifier__bootstrap': True, 'classifier__max_depth': 5, 'classifier__n_estimators': 100}",0.0,0.0,0.0,0.0,0.0,0.0,0.0,74,RandomForestClassifier
45.71920714378357,4.04017006593195,0.32271151542663573,0.014956143029293776,RandomForestClassifier(),,,,,,,,,200,,True,3,,"{'classifier': RandomForestClassifier(), 'classifier__bootstrap': True, 'classifier__max_depth': 3, 'classifier__n_estimators': 200}",0.0,0.0,0.0,0.0,0.0,0.0,0.0,74,RandomForestClassifier
24.826306056976318,2.338078136266039,0.22794651985168457,0.012013094800988439,RandomForestClassifier(),,,,,,,,,100,,True,3,,"{'classifier': RandomForestClassifier(), 'classifier__bootstrap': True, 'classifier__max_depth': 3, 'classifier__n_estimators': 100}",0.0,0.0,0.0,0.0,0.0,0.0,0.0,74,RandomForestClassifier
64.85222969055175,0.85483524558208,0.2567722320556641,0.013578500871155858,GradientBoostingClassifier(),,0.01,,,,,,,200,,,,,"{'classifier': GradientBoostingClassifier(), 'classifier__learning_rate': 0.01, 'classifier__n_estimators': 200}",0.0,0.0,0.0,0.0,0.0,0.0,0.0,74,GradientBoostingClassifier
31.285346126556398,1.05244784412302,0.19160470962524415,0.016843040136804144,GradientBoostingClassifier(),,0.01,,,,,,,100,,,,,"{'classifier': GradientBoostingClassifier(), 'classifier__learning_rate': 0.01, 'classifier__n_estimators': 100}",0.0,0.0,0.0,0.0,0.0,0.0,0.0,74,GradientBoostingClassifier
3.278631496429443,0.6173731950142067,0.0,0.0,SGDClassifier(),0.0001,optimal,log,1000,l2,,,,,,,,,"{'classifier': SGDClassifier(), 'classifier__alpha': 0.0001, 'classifier__learning_rate': 'optimal', 'classifier__loss': 'log', 'classifier__max_iter': 1000, 'classifier__penalty': 'l2'}",,,,,,,,89,SGDClassifier
3.8102719306945803,0.1887989010488697,0.0,0.0,SGDClassifier(),0.0001,optimal,log,1000,l1,,,,,,,,,"{'classifier': SGDClassifier(), 'classifier__alpha': 0.0001, 'classifier__learning_rate': 'optimal', 'classifier__loss': 'log', 'classifier__max_iter': 1000, 'classifier__penalty': 'l1'}",,,,,,,,89,SGDClassifier
3.7715291023254394,0.3421157918080326,0.0,0.0,SGDClassifier(),0.0001,optimal,log,1000,elasticnet,,,,,,,,,"{'classifier': SGDClassifier(), 'classifier__alpha': 0.0001, 'classifier__learning_rate': 'optimal', 'classifier__loss': 'log', 'classifier__max_iter': 1000, 'classifier__penalty': 'elasticnet'}",,,,,,,,89,SGDClassifier
1.474723720550537,0.7420563801035299,0.0,0.0,SGDClassifier(),0.0001,invscaling,log,1000,l2,,,,,,,,,"{'classifier': SGDClassifier(), 'classifier__alpha': 0.0001, 'classifier__learning_rate': 'invscaling', 'classifier__loss': 'log', 'classifier__max_iter': 1000, 'classifier__penalty': 'l2'}",,,,,,,,89,SGDClassifier
2.460440683364868,0.5652219388750563,0.0,0.0,SGDClassifier(),0.0001,invscaling,log,1000,l1,,,,,,,,,"{'classifier': SGDClassifier(), 'classifier__alpha': 0.0001, 'classifier__learning_rate': 'invscaling', 'classifier__loss': 'log', 'classifier__max_iter': 1000, 'classifier__penalty': 'l1'}",,,,,,,,89,SGDClassifier
3.184555912017822,0.6506224988476191,0.0,0.0,SGDClassifier(),0.0001,invscaling,log,1000,elasticnet,,,,,,,,,"{'classifier': SGDClassifier(), 'classifier__alpha': 0.0001, 'classifier__learning_rate': 'invscaling', 'classifier__loss': 'log', 'classifier__max_iter': 1000, 'classifier__penalty': 'elasticnet'}",,,,,,,,89,SGDClassifier
2.7678409576416017,0.2873868012337623,0.0,0.0,SGDClassifier(),0.0001,invscaling,modified_huber,1000,l2,,,,,,,,,"{'classifier': SGDClassifier(), 'classifier__alpha': 0.0001, 'classifier__learning_rate': 'invscaling', 'classifier__loss': 'modified_huber', 'classifier__max_iter': 1000, 'classifier__penalty': 'l2'}",,,,,,,,89,SGDClassifier
3.799482727050781,0.8066770533205972,0.0,0.0,SGDClassifier(),0.0001,invscaling,modified_huber,1000,l1,,,,,,,,,"{'classifier': SGDClassifier(), 'classifier__alpha': 0.0001, 'classifier__learning_rate': 'invscaling', 'classifier__loss': 'modified_huber', 'classifier__max_iter': 1000, 'classifier__penalty': 'l1'}",,,,,,,,89,SGDClassifier
3.9623820781707764,0.6454852260122498,0.0,0.0,SGDClassifier(),0.0001,invscaling,modified_huber,1000,elasticnet,,,,,,,,,"{'classifier': SGDClassifier(), 'classifier__alpha': 0.0001, 'classifier__learning_rate': 'invscaling', 'classifier__loss': 'modified_huber', 'classifier__max_iter': 1000, 'classifier__penalty': 'elasticnet'}",,,,,,,,89,SGDClassifier
4.29414553642273,0.26289689976003683,0.0,0.0,SGDClassifier(),0.0001,adaptive,log,1000,l2,,,,,,,,,"{'classifier': SGDClassifier(), 'classifier__alpha': 0.0001, 'classifier__learning_rate': 'adaptive', 'classifier__loss': 'log', 'classifier__max_iter': 1000, 'classifier__penalty': 'l2'}",,,,,,,,89,SGDClassifier
4.46260814666748,0.48003648527382625,0.0,0.0,SGDClassifier(),0.0001,adaptive,log,1000,l1,,,,,,,,,"{'classifier': SGDClassifier(), 'classifier__alpha': 0.0001, 'classifier__learning_rate': 'adaptive', 'classifier__loss': 'log', 'classifier__max_iter': 1000, 'classifier__penalty': 'l1'}",,,,,,,,89,SGDClassifier
4.443828487396241,0.36432866523979246,0.0,0.0,SGDClassifier(),0.0001,adaptive,log,1000,elasticnet,,,,,,,,,"{'classifier': SGDClassifier(), 'classifier__alpha': 0.0001, 'classifier__learning_rate': 'adaptive', 'classifier__loss': 'log', 'classifier__max_iter': 1000, 'classifier__penalty': 'elasticnet'}",,,,,,,,89,SGDClassifier
4.493193244934082,0.3804500687927154,0.0,0.0,SGDClassifier(),0.0001,adaptive,modified_huber,1000,l2,,,,,,,,,"{'classifier': SGDClassifier(), 'classifier__alpha': 0.0001, 'classifier__learning_rate': 'adaptive', 'classifier__loss': 'modified_huber', 'classifier__max_iter': 1000, 'classifier__penalty': 'l2'}",,,,,,,,89,SGDClassifier
4.720230150222778,0.6090620562041943,0.0,0.0,SGDClassifier(),0.0001,adaptive,modified_huber,1000,l1,,,,,,,,,"{'classifier': SGDClassifier(), 'classifier__alpha': 0.0001, 'classifier__learning_rate': 'adaptive', 'classifier__loss': 'modified_huber', 'classifier__max_iter': 1000, 'classifier__penalty': 'l1'}",,,,,,,,89,SGDClassifier
4.628195476531983,0.5598403803936102,0.0,0.0,SGDClassifier(),0.0001,adaptive,modified_huber,1000,elasticnet,,,,,,,,,"{'classifier': SGDClassifier(), 'classifier__alpha': 0.0001, 'classifier__learning_rate': 'adaptive', 'classifier__loss': 'modified_huber', 'classifier__max_iter': 1000, 'classifier__penalty': 'elasticnet'}",,,,,,,,89,SGDClassifier
4.60559401512146,0.24902827564408353,0.0,0.0,SGDClassifier(),0.001,optimal,log,1000,l2,,,,,,,,,"{'classifier': SGDClassifier(), 'classifier__alpha': 0.001, 'classifier__learning_rate': 'optimal', 'classifier__loss': 'log', 'classifier__max_iter': 1000, 'classifier__penalty': 'l2'}",,,,,,,,89,SGDClassifier
4.362588357925415,0.23155271451506942,0.0,0.0,SGDClassifier(),0.001,optimal,log,1000,l1,,,,,,,,,"{'classifier': SGDClassifier(), 'classifier__alpha': 0.001, 'classifier__learning_rate': 'optimal', 'classifier__loss': 'log', 'classifier__max_iter': 1000, 'classifier__penalty': 'l1'}",,,,,,,,89,SGDClassifier
4.49823226928711,0.4542158261119017,0.0,0.0,SGDClassifier(),0.001,optimal,log,1000,elasticnet,,,,,,,,,"{'classifier': SGDClassifier(), 'classifier__alpha': 0.001, 'classifier__learning_rate': 'optimal', 'classifier__loss': 'log', 'classifier__max_iter': 1000, 'classifier__penalty': 'elasticnet'}",,,,,,,,89,SGDClassifier
1.528589391708374,0.18974376743892027,0.0,0.0,SGDClassifier(),0.001,invscaling,log,1000,l2,,,,,,,,,"{'classifier': SGDClassifier(), 'classifier__alpha': 0.001, 'classifier__learning_rate': 'invscaling', 'classifier__loss': 'log', 'classifier__max_iter': 1000, 'classifier__penalty': 'l2'}",,,,,,,,89,SGDClassifier
3.295425271987915,0.3177978803228874,0.0,0.0,SGDClassifier(),0.001,invscaling,log,1000,l1,,,,,,,,,"{'classifier': SGDClassifier(), 'classifier__alpha': 0.001, 'classifier__learning_rate': 'invscaling', 'classifier__loss': 'log', 'classifier__max_iter': 1000, 'classifier__penalty': 'l1'}",,,,,,,,89,SGDClassifier
3.5036908626556396,0.24162631287299177,0.0,0.0,SGDClassifier(),0.001,invscaling,log,1000,elasticnet,,,,,,,,,"{'classifier': SGDClassifier(), 'classifier__alpha': 0.001, 'classifier__learning_rate': 'invscaling', 'classifier__loss': 'log', 'classifier__max_iter': 1000, 'classifier__penalty': 'elasticnet'}",,,,,,,,89,SGDClassifier
3.0449737071990968,0.3288867717951761,0.0,0.0,SGDClassifier(),0.001,invscaling,modified_huber,1000,l2,,,,,,,,,"{'classifier': SGDClassifier(), 'classifier__alpha': 0.001, 'classifier__learning_rate': 'invscaling', 'classifier__loss': 'modified_huber', 'classifier__max_iter': 1000, 'classifier__penalty': 'l2'}",,,,,,,,89,SGDClassifier
3.9488651752471924,0.610391515768591,0.0,0.0,SGDClassifier(),0.001,invscaling,modified_huber,1000,l1,,,,,,,,,"{'classifier': SGDClassifier(), 'classifier__alpha': 0.001, 'classifier__learning_rate': 'invscaling', 'classifier__loss': 'modified_huber', 'classifier__max_iter': 1000, 'classifier__penalty': 'l1'}",,,,,,,,89,SGDClassifier
3.4772595882415773,0.5838156496342943,0.0,0.0,SGDClassifier(),0.001,invscaling,modified_huber,1000,elasticnet,,,,,,,,,"{'classifier': SGDClassifier(), 'classifier__alpha': 0.001, 'classifier__learning_rate': 'invscaling', 'classifier__loss': 'modified_huber', 'classifier__max_iter': 1000, 'classifier__penalty': 'elasticnet'}",,,,,,,,89,SGDClassifier
3.865277051925659,0.5760775421992527,0.0,0.0,SGDClassifier(),0.001,adaptive,log,1000,l2,,,,,,,,,"{'classifier': SGDClassifier(), 'classifier__alpha': 0.001, 'classifier__learning_rate': 'adaptive', 'classifier__loss': 'log', 'classifier__max_iter': 1000, 'classifier__penalty': 'l2'}",,,,,,,,89,SGDClassifier
3.988416337966919,0.3534793605007969,0.0,0.0,SGDClassifier(),0.001,adaptive,log,1000,l1,,,,,,,,,"{'classifier': SGDClassifier(), 'classifier__alpha': 0.001, 'classifier__learning_rate': 'adaptive', 'classifier__loss': 'log', 'classifier__max_iter': 1000, 'classifier__penalty': 'l1'}",,,,,,,,89,SGDClassifier
4.3565984725952145,0.2562924302773916,0.0,0.0,SGDClassifier(),0.001,adaptive,log,1000,elasticnet,,,,,,,,,"{'classifier': SGDClassifier(), 'classifier__alpha': 0.001, 'classifier__learning_rate': 'adaptive', 'classifier__loss': 'log', 'classifier__max_iter': 1000, 'classifier__penalty': 'elasticnet'}",,,,,,,,89,SGDClassifier
4.4677399635314945,0.2861475159260123,0.0,0.0,SGDClassifier(),0.001,adaptive,modified_huber,1000,l2,,,,,,,,,"{'classifier': SGDClassifier(), 'classifier__alpha': 0.001, 'classifier__learning_rate': 'adaptive', 'classifier__loss': 'modified_huber', 'classifier__max_iter': 1000, 'classifier__penalty': 'l2'}",,,,,,,,89,SGDClassifier
4.183013153076172,0.30873721365750356,0.0,0.0,SGDClassifier(),0.001,adaptive,modified_huber,1000,l1,,,,,,,,,"{'classifier': SGDClassifier(), 'classifier__alpha': 0.001, 'classifier__learning_rate': 'adaptive', 'classifier__loss': 'modified_huber', 'classifier__max_iter': 1000, 'classifier__penalty': 'l1'}",,,,,,,,89,SGDClassifier
4.6310254573822025,0.6169052909998706,0.0,0.0,SGDClassifier(),0.001,adaptive,modified_huber,1000,elasticnet,,,,,,,,,"{'classifier': SGDClassifier(), 'classifier__alpha': 0.001, 'classifier__learning_rate': 'adaptive', 'classifier__loss': 'modified_huber', 'classifier__max_iter': 1000, 'classifier__penalty': 'elasticnet'}",,,,,,,,89,SGDClassifier
4.444434881210327,0.2140796470089514,0.0,0.0,SGDClassifier(),0.01,optimal,log,1000,l2,,,,,,,,,"{'classifier': SGDClassifier(), 'classifier__alpha': 0.01, 'classifier__learning_rate': 'optimal', 'classifier__loss': 'log', 'classifier__max_iter': 1000, 'classifier__penalty': 'l2'}",,,,,,,,89,SGDClassifier
4.1611651420593265,0.43638799057036026,0.0,0.0,SGDClassifier(),0.01,optimal,log,1000,l1,,,,,,,,,"{'classifier': SGDClassifier(), 'classifier__alpha': 0.01, 'classifier__learning_rate': 'optimal', 'classifier__loss': 'log', 'classifier__max_iter': 1000, 'classifier__penalty': 'l1'}",,,,,,,,89,SGDClassifier
4.387252855300903,0.3522788045645741,0.0,0.0,SGDClassifier(),0.01,optimal,log,1000,elasticnet,,,,,,,,,"{'classifier': SGDClassifier(), 'classifier__alpha': 0.01, 'classifier__learning_rate': 'optimal', 'classifier__loss': 'log', 'classifier__max_iter': 1000, 'classifier__penalty': 'elasticnet'}",,,,,,,,89,SGDClassifier
2.0649083137512205,0.3148299731769181,0.0,0.0,SGDClassifier(),0.01,invscaling,log,1000,l2,,,,,,,,,"{'classifier': SGDClassifier(), 'classifier__alpha': 0.01, 'classifier__learning_rate': 'invscaling', 'classifier__loss': 'log', 'classifier__max_iter': 1000, 'classifier__penalty': 'l2'}",,,,,,,,89,SGDClassifier
3.0515770435333254,0.812684549328007,0.0,0.0,SGDClassifier(),0.01,invscaling,log,1000,l1,,,,,,,,,"{'classifier': SGDClassifier(), 'classifier__alpha': 0.01, 'classifier__learning_rate': 'invscaling', 'classifier__loss': 'log', 'classifier__max_iter': 1000, 'classifier__penalty': 'l1'}",,,,,,,,89,SGDClassifier
3.8562958240509033,0.39615815934751925,0.0,0.0,SGDClassifier(),0.01,invscaling,log,1000,elasticnet,,,,,,,,,"{'classifier': SGDClassifier(), 'classifier__alpha': 0.01, 'classifier__learning_rate': 'invscaling', 'classifier__loss': 'log', 'classifier__max_iter': 1000, 'classifier__penalty': 'elasticnet'}",,,,,,,,89,SGDClassifier
4.472049331665039,0.10652957174664068,0.0,0.0,SGDClassifier(),0.01,invscaling,modified_huber,1000,l2,,,,,,,,,"{'classifier': SGDClassifier(), 'classifier__alpha': 0.01, 'classifier__learning_rate': 'invscaling', 'classifier__loss': 'modified_huber', 'classifier__max_iter': 1000, 'classifier__penalty': 'l2'}",,,,,,,,89,SGDClassifier
4.72975172996521,0.582808389417157,0.0,0.0,SGDClassifier(),0.01,invscaling,modified_huber,1000,l1,,,,,,,,,"{'classifier': SGDClassifier(), 'classifier__alpha': 0.01, 'classifier__learning_rate': 'invscaling', 'classifier__loss': 'modified_huber', 'classifier__max_iter': 1000, 'classifier__penalty': 'l1'}",,,,,,,,89,SGDClassifier
4.402474689483642,0.563403582572319,0.0,0.0,SGDClassifier(),0.01,invscaling,modified_huber,1000,elasticnet,,,,,,,,,"{'classifier': SGDClassifier(), 'classifier__alpha': 0.01, 'classifier__learning_rate': 'invscaling', 'classifier__loss': 'modified_huber', 'classifier__max_iter': 1000, 'classifier__penalty': 'elasticnet'}",,,,,,,,89,SGDClassifier
4.279503202438354,0.462852179636342,0.0,0.0,SGDClassifier(),0.01,adaptive,log,1000,l2,,,,,,,,,"{'classifier': SGDClassifier(), 'classifier__alpha': 0.01, 'classifier__learning_rate': 'adaptive', 'classifier__loss': 'log', 'classifier__max_iter': 1000, 'classifier__penalty': 'l2'}",,,,,,,,89,SGDClassifier
4.5511151313781735,0.5635341914391501,0.0,0.0,SGDClassifier(),0.01,adaptive,log,1000,l1,,,,,,,,,"{'classifier': SGDClassifier(), 'classifier__alpha': 0.01, 'classifier__learning_rate': 'adaptive', 'classifier__loss': 'log', 'classifier__max_iter': 1000, 'classifier__penalty': 'l1'}",,,,,,,,89,SGDClassifier
4.873940420150757,0.41983491430015596,0.0,0.0,SGDClassifier(),0.01,adaptive,log,1000,elasticnet,,,,,,,,,"{'classifier': SGDClassifier(), 'classifier__alpha': 0.01, 'classifier__learning_rate': 'adaptive', 'classifier__loss': 'log', 'classifier__max_iter': 1000, 'classifier__penalty': 'elasticnet'}",,,,,,,,89,SGDClassifier
4.282610940933227,0.15595693120523543,0.0,0.0,SGDClassifier(),0.01,adaptive,modified_huber,1000,l2,,,,,,,,,"{'classifier': SGDClassifier(), 'classifier__alpha': 0.01, 'classifier__learning_rate': 'adaptive', 'classifier__loss': 'modified_huber', 'classifier__max_iter': 1000, 'classifier__penalty': 'l2'}",,,,,,,,89,SGDClassifier
4.477263879776001,0.3413342667541623,0.0,0.0,SGDClassifier(),0.01,adaptive,modified_huber,1000,l1,,,,,,,,,"{'classifier': SGDClassifier(), 'classifier__alpha': 0.01, 'classifier__learning_rate': 'adaptive', 'classifier__loss': 'modified_huber', 'classifier__max_iter': 1000, 'classifier__penalty': 'l1'}",,,,,,,,89,SGDClassifier
4.560733318328857,0.6544338424370014,0.0,0.0,SGDClassifier(),0.01,adaptive,modified_huber,1000,elasticnet,,,,,,,,,"{'classifier': SGDClassifier(), 'classifier__alpha': 0.01, 'classifier__learning_rate': 'adaptive', 'classifier__loss': 'modified_huber', 'classifier__max_iter': 1000, 'classifier__penalty': 'elasticnet'}",,,,,,,,89,SGDClassifier
0.9737548351287841,0.025884352872046712,0.0,0.0,LogisticRegression(),,,,,l1,,,,,0.001,,,,"{'classifier': LogisticRegression(), 'classifier__C': 0.001, 'classifier__penalty': 'l1'}",,,,,,,,89,LogisticRegression
0.9657615184783935,0.012454333904020804,0.0,0.0,LogisticRegression(),,,,,l1,,,,,0.01,,,,"{'classifier': LogisticRegression(), 'classifier__C': 0.01, 'classifier__penalty': 'l1'}",,,,,,,,89,LogisticRegression
1.2627648830413818,0.13995076564633788,0.0,0.0,LogisticRegression(),,,,,l1,,,,,0.1,,,,"{'classifier': LogisticRegression(), 'classifier__C': 0.1, 'classifier__penalty': 'l1'}",,,,,,,,89,LogisticRegression
1.5235635757446289,0.24282868149898829,0.0,0.0,LogisticRegression(),,,,,l1,,,,,1,,,,"{'classifier': LogisticRegression(), 'classifier__C': 1, 'classifier__penalty': 'l1'}",,,,,,,,89,LogisticRegression
1.860922622680664,0.2176531646498526,0.0,0.0,LogisticRegression(),,,,,l1,,,,,10,,,,"{'classifier': LogisticRegression(), 'classifier__C': 10, 'classifier__penalty': 'l1'}",,,,,,,,89,LogisticRegression
1.8245806694030762,0.24342396929816576,0.0,0.0,LogisticRegression(),,,,,l1,,,,,100,,,,"{'classifier': LogisticRegression(), 'classifier__C': 100, 'classifier__penalty': 'l1'}",,,,,,,,89,LogisticRegression
0.8811716079711914,0.0828648448951189,0.0,0.0,SGDClassifier(),0.001,constant,log,1000,l2,,,,,,,,0.01,"{'classifier': SGDClassifier(), 'classifier__alpha': 0.001, 'classifier__eta0': 0.01, 'classifier__learning_rate': 'constant', 'classifier__loss': 'log', 'classifier__max_iter': 1000, 'classifier__penalty': 'l2'}",,,,,,,,89,SGDClassifier
0.876452112197876,0.0394199716883406,0.0,0.0,SGDClassifier(),0.001,constant,log,1000,l1,,,,,,,,0.01,"{'classifier': SGDClassifier(), 'classifier__alpha': 0.001, 'classifier__eta0': 0.01, 'classifier__learning_rate': 'constant', 'classifier__loss': 'log', 'classifier__max_iter': 1000, 'classifier__penalty': 'l1'}",,,,,,,,89,SGDClassifier
1.0469136714935303,0.1691187170605056,0.0,0.0,SGDClassifier(),0.001,constant,log,1000,elasticnet,,,,,,,,0.01,"{'classifier': SGDClassifier(), 'classifier__alpha': 0.001, 'classifier__eta0': 0.01, 'classifier__learning_rate': 'constant', 'classifier__loss': 'log', 'classifier__max_iter': 1000, 'classifier__penalty': 'elasticnet'}",,,,,,,,89,SGDClassifier
1.051675271987915,0.08442747443818176,0.0,0.0,SGDClassifier(),0.001,constant,log,1000,l2,,,,,,,,0.1,"{'classifier': SGDClassifier(), 'classifier__alpha': 0.001, 'classifier__eta0': 0.1, 'classifier__learning_rate': 'constant', 'classifier__loss': 'log', 'classifier__max_iter': 1000, 'classifier__penalty': 'l2'}",,,,,,,,89,SGDClassifier
1.519505786895752,0.18857368970136515,0.0,0.0,SGDClassifier(),0.001,constant,log,1000,l1,,,,,,,,0.1,"{'classifier': SGDClassifier(), 'classifier__alpha': 0.001, 'classifier__eta0': 0.1, 'classifier__learning_rate': 'constant', 'classifier__loss': 'log', 'classifier__max_iter': 1000, 'classifier__penalty': 'l1'}",,,,,,,,89,SGDClassifier
1.7676265716552735,0.09305038781906096,0.0,0.0,SGDClassifier(),0.001,constant,log,1000,elasticnet,,,,,,,,0.1,"{'classifier': SGDClassifier(), 'classifier__alpha': 0.001, 'classifier__eta0': 0.1, 'classifier__learning_rate': 'constant', 'classifier__loss': 'log', 'classifier__max_iter': 1000, 'classifier__penalty': 'elasticnet'}",,,,,,,,89,SGDClassifier
1.1553940296173095,0.11747254290680241,0.0,0.0,SGDClassifier(),0.001,constant,log,1000,l2,,,,,,,,1,"{'classifier': SGDClassifier(), 'classifier__alpha': 0.001, 'classifier__eta0': 1, 'classifier__learning_rate': 'constant', 'classifier__loss': 'log', 'classifier__max_iter': 1000, 'classifier__penalty': 'l2'}",,,,,,,,89,SGDClassifier
1.8786818504333496,0.23628650828081735,0.0,0.0,SGDClassifier(),0.001,constant,log,1000,l1,,,,,,,,1,"{'classifier': SGDClassifier(), 'classifier__alpha': 0.001, 'classifier__eta0': 1, 'classifier__learning_rate': 'constant', 'classifier__loss': 'log', 'classifier__max_iter': 1000, 'classifier__penalty': 'l1'}",,,,,,,,89,SGDClassifier
1.9373652458190918,0.23086458048133504,0.0,0.0,SGDClassifier(),0.001,constant,log,1000,elasticnet,,,,,,,,1,"{'classifier': SGDClassifier(), 'classifier__alpha': 0.001, 'classifier__eta0': 1, 'classifier__learning_rate': 'constant', 'classifier__loss': 'log', 'classifier__max_iter': 1000, 'classifier__penalty': 'elasticnet'}",,,,,,,,89,SGDClassifier
1.2163934230804443,0.23433040703864286,0.0,0.0,SGDClassifier(),0.001,constant,log,1000,l2,,,,,,,,10,"{'classifier': SGDClassifier(), 'classifier__alpha': 0.001, 'classifier__eta0': 10, 'classifier__learning_rate': 'constant', 'classifier__loss': 'log', 'classifier__max_iter': 1000, 'classifier__penalty': 'l2'}",,,,,,,,89,SGDClassifier
1.6970316886901855,0.221356149296521,0.0,0.0,SGDClassifier(),0.001,constant,log,1000,l1,,,,,,,,10,"{'classifier': SGDClassifier(), 'classifier__alpha': 0.001, 'classifier__eta0': 10, 'classifier__learning_rate': 'constant', 'classifier__loss': 'log', 'classifier__max_iter': 1000, 'classifier__penalty': 'l1'}",,,,,,,,89,SGDClassifier
2.099450969696045,0.4110869502199736,0.0,0.0,SGDClassifier(),0.001,constant,log,1000,elasticnet,,,,,,,,10,"{'classifier': SGDClassifier(), 'classifier__alpha': 0.001, 'classifier__eta0': 10, 'classifier__learning_rate': 'constant', 'classifier__loss': 'log', 'classifier__max_iter': 1000, 'classifier__penalty': 'elasticnet'}",,,,,,,,89,SGDClassifier
2.0491789817810058,0.27347876153180517,0.0,0.0,SGDClassifier(),0.001,constant,log,1000,l2,,,,,,,,100,"{'classifier': SGDClassifier(), 'classifier__alpha': 0.001, 'classifier__eta0': 100, 'classifier__learning_rate': 'constant', 'classifier__loss': 'log', 'classifier__max_iter': 1000, 'classifier__penalty': 'l2'}",,,,,,,,89,SGDClassifier
1.3120340824127197,0.047554803221674886,0.0,0.0,SGDClassifier(),0.001,constant,log,1000,l1,,,,,,,,100,"{'classifier': SGDClassifier(), 'classifier__alpha': 0.001, 'classifier__eta0': 100, 'classifier__learning_rate': 'constant', 'classifier__loss': 'log', 'classifier__max_iter': 1000, 'classifier__penalty': 'l1'}",,,,,,,,89,SGDClassifier
2.0766834259033202,0.3044339085518459,0.0,0.0,SGDClassifier(),0.001,constant,log,1000,elasticnet,,,,,,,,100,"{'classifier': SGDClassifier(), 'classifier__alpha': 0.001, 'classifier__eta0': 100, 'classifier__learning_rate': 'constant', 'classifier__loss': 'log', 'classifier__max_iter': 1000, 'classifier__penalty': 'elasticnet'}",,,,,,,,89,SGDClassifier
2.4518056392669676,0.13011992123581476,0.0,0.0,SGDClassifier(),0.01,constant,log,1000,l2,,,,,,,,0.01,"{'classifier': SGDClassifier(), 'classifier__alpha': 0.01, 'classifier__eta0': 0.01, 'classifier__learning_rate': 'constant', 'classifier__loss': 'log', 'classifier__max_iter': 1000, 'classifier__penalty': 'l2'}",,,,,,,,89,SGDClassifier
2.1917497158050536,0.5176809394215424,0.0,0.0,SGDClassifier(),0.01,constant,log,1000,l1,,,,,,,,0.01,"{'classifier': SGDClassifier(), 'classifier__alpha': 0.01, 'classifier__eta0': 0.01, 'classifier__learning_rate': 'constant', 'classifier__loss': 'log', 'classifier__max_iter': 1000, 'classifier__penalty': 'l1'}",,,,,,,,89,SGDClassifier
2.7310061931610106,0.10746282485070151,0.0,0.0,SGDClassifier(),0.01,constant,log,1000,elasticnet,,,,,,,,0.01,"{'classifier': SGDClassifier(), 'classifier__alpha': 0.01, 'classifier__eta0': 0.01, 'classifier__learning_rate': 'constant', 'classifier__loss': 'log', 'classifier__max_iter': 1000, 'classifier__penalty': 'elasticnet'}",,,,,,,,89,SGDClassifier
1.891928243637085,0.13508876171623885,0.0,0.0,SGDClassifier(),0.01,constant,log,1000,l2,,,,,,,,0.1,"{'classifier': SGDClassifier(), 'classifier__alpha': 0.01, 'classifier__eta0': 0.1, 'classifier__learning_rate': 'constant', 'classifier__loss': 'log', 'classifier__max_iter': 1000, 'classifier__penalty': 'l2'}",,,,,,,,89,SGDClassifier
2.1383530616760256,0.23493417866243868,0.0,0.0,SGDClassifier(),0.01,constant,log,1000,l1,,,,,,,,0.1,"{'classifier': SGDClassifier(), 'classifier__alpha': 0.01, 'classifier__eta0': 0.1, 'classifier__learning_rate': 'constant', 'classifier__loss': 'log', 'classifier__max_iter': 1000, 'classifier__penalty': 'l1'}",,,,,,,,89,SGDClassifier
2.59623441696167,0.5011538168450792,0.0,0.0,SGDClassifier(),0.01,constant,log,1000,elasticnet,,,,,,,,0.1,"{'classifier': SGDClassifier(), 'classifier__alpha': 0.01, 'classifier__eta0': 0.1, 'classifier__learning_rate': 'constant', 'classifier__loss': 'log', 'classifier__max_iter': 1000, 'classifier__penalty': 'elasticnet'}",,,,,,,,89,SGDClassifier
2.121672821044922,0.13443702043196631,0.0,0.0,SGDClassifier(),0.01,constant,log,1000,l2,,,,,,,,1,"{'classifier': SGDClassifier(), 'classifier__alpha': 0.01, 'classifier__eta0': 1, 'classifier__learning_rate': 'constant', 'classifier__loss': 'log', 'classifier__max_iter': 1000, 'classifier__penalty': 'l2'}",,,,,,,,89,SGDClassifier
2.28517599105835,0.3891936515912503,0.0,0.0,SGDClassifier(),0.01,constant,log,1000,l1,,,,,,,,1,"{'classifier': SGDClassifier(), 'classifier__alpha': 0.01, 'classifier__eta0': 1, 'classifier__learning_rate': 'constant', 'classifier__loss': 'log', 'classifier__max_iter': 1000, 'classifier__penalty': 'l1'}",,,,,,,,89,SGDClassifier
2.307862901687622,0.1580836085852726,0.0,0.0,SGDClassifier(),0.01,constant,log,1000,elasticnet,,,,,,,,1,"{'classifier': SGDClassifier(), 'classifier__alpha': 0.01, 'classifier__eta0': 1, 'classifier__learning_rate': 'constant', 'classifier__loss': 'log', 'classifier__max_iter': 1000, 'classifier__penalty': 'elasticnet'}",,,,,,,,89,SGDClassifier
2.558418798446655,0.1014487854472634,0.0,0.0,SGDClassifier(),0.01,constant,log,1000,l2,,,,,,,,10,"{'classifier': SGDClassifier(), 'classifier__alpha': 0.01, 'classifier__eta0': 10, 'classifier__learning_rate': 'constant', 'classifier__loss': 'log', 'classifier__max_iter': 1000, 'classifier__penalty': 'l2'}",,,,,,,,89,SGDClassifier
2.4103959083557127,0.420173290886545,0.0,0.0,SGDClassifier(),0.01,constant,log,1000,l1,,,,,,,,10,"{'classifier': SGDClassifier(), 'classifier__alpha': 0.01, 'classifier__eta0': 10, 'classifier__learning_rate': 'constant', 'classifier__loss': 'log', 'classifier__max_iter': 1000, 'classifier__penalty': 'l1'}",,,,,,,,89,SGDClassifier
2.772953510284424,0.5987561041297738,0.0,0.0,SGDClassifier(),0.01,constant,log,1000,elasticnet,,,,,,,,10,"{'classifier': SGDClassifier(), 'classifier__alpha': 0.01, 'classifier__eta0': 10, 'classifier__learning_rate': 'constant', 'classifier__loss': 'log', 'classifier__max_iter': 1000, 'classifier__penalty': 'elasticnet'}",,,,,,,,89,SGDClassifier
1.8781229496002196,0.2033888320784052,0.0,0.0,SGDClassifier(),0.01,constant,log,1000,l2,,,,,,,,100,"{'classifier': SGDClassifier(), 'classifier__alpha': 0.01, 'classifier__eta0': 100, 'classifier__learning_rate': 'constant', 'classifier__loss': 'log', 'classifier__max_iter': 1000, 'classifier__penalty': 'l2'}",,,,,,,,89,SGDClassifier
2.007969284057617,0.27345830701740803,0.0,0.0,SGDClassifier(),0.01,constant,log,1000,l1,,,,,,,,100,"{'classifier': SGDClassifier(), 'classifier__alpha': 0.01, 'classifier__eta0': 100, 'classifier__learning_rate': 'constant', 'classifier__loss': 'log', 'classifier__max_iter': 1000, 'classifier__penalty': 'l1'}",,,,,,,,89,SGDClassifier
1.7496148109436036,0.2505126412831778,0.0,0.0,SGDClassifier(),0.01,constant,log,1000,elasticnet,,,,,,,,100,"{'classifier': SGDClassifier(), 'classifier__alpha': 0.01, 'classifier__eta0': 100, 'classifier__learning_rate': 'constant', 'classifier__loss': 'log', 'classifier__max_iter': 1000, 'classifier__penalty': 'elasticnet'}",,,,,,,,89,SGDClassifier
